id,date,price,bedrooms,living_area,lot_area,floors,waterfront,grade,above_area,basement_area,yr_built,zipcode
1999700045,20140502T000000,313000,3,1340,7912,1.5,0,7등급,1340,0,1955,98133
5467900070,20140502T000000,342000,3,1930,11947,1,0,8등급,1930,0,1966,98042
4040800810,20140502T000000,420000,3,2000,8030,1,0,8등급,1000,1000,1963,98008
1860600135,20140502T000000,2380000,5,3650,9050,2,0,10등급,3370,280,1921,98119
6865200444,20140505T000000,531000,2,1270,1175,2,0,8등급,1110,160,2000,98103
325059171,20140505T000000,900000,3,1330,77972,1,0,7등급,1330,0,1928,98033
1954440060,20140505T000000,560000,3,1900,8744,2,0,8등급,1900,0,1987,98074
1623300160,20140506T000000,450000,2,1100,3000,1.5,0,7등급,1100,0,1912,98117
3754700160,20140506T000000,397000,4,1440,7680,1,0,7등급,1200,240,1971,98034
2985800030,20140507T000000,495000,3,990,6000,1,0,6등급,990,0,1943,98105
2767603505,20140507T000000,519950,3,1170,1249,3,0,8등급,1170,0,2014,98107
84000105,20140507T000000,255000,5,2060,8632,1,0,7등급,1030,1030,1962,98146
5113400431,20140508T000000,615000,2,1540,6872,1,0,7등급,820,720,1946,98119
2619950350,20140508T000000,403000,3,2090,8354,2,0,8등급,2090,0,2012,98019
8566100200,20140508T000000,980000,5,3160,11470,1,0,9등급,1780,1380,1971,98040
1081300200,20140509T000000,352000,3,1640,11050,1,0,8등급,1640,0,1972,98059
1778350070,20140509T000000,765000,4,2790,10819,2,0,10등급,2790,0,1996,98027
2296500136,20140509T000000,839900,4,3810,13592,1,0,9등급,2560,1250,2013,98056
1853000510,20140509T000000,985000,4,4230,37769,2,0,11등급,4230,0,1989,98077
9429500045,20140509T000000,428750,3,,30736,1.5,0,7등급,1620,0,1911,98006
9828702519,20140512T000000,490000,2,1230,1391,2,0,8등급,870,360,2004,98112
8929000270,20140512T000000,453246,3,2010,2287,2,0,8등급,1390,620,2014,98029
9822700295,20140512T000000,885000,,2830,5000,2,0,9등급,2830,0,1995,98105
1653500070,20140512T000000,927000,4,3300,12090,2,0,8등급,3300,0,1953,98004
7237550310,20140512T000000,1230000,4,5420,101930,1,0,11등급,3890,1530,2001,98053
325059286,20140513T000000,819900,5,3150,7119,2,0,9등급,3150,0,2013,98052
1310430400,20140513T000000,455000,4,3360,7685,2,0,9등급,3360,0,2001,98058
6145600041,20140514T000000,306000,3,1220,1086,3,0,8등급,1220,0,2007,98133
6300500875,20140514T000000,385000,4,1620,4980,1,0,7등급,860,760,1947,98133
3826000070,20140515T000000,185000,3,1150,8100,1,0,6등급,1150,0,1932,98168
7376300060,20140515T000000,465750,3,1260,10350,1,0,7등급,1260,0,1959,98008
2460700700,20140515T000000,252350,3,1650,7352,1,0,7등급,1160,490,1979,98058
7796450200,20140515T000000,256883,3,1690,5025,2,0,8등급,1690,0,2003,98023
8677300550,20140515T000000,592500,4,2240,12032,1,0,9등급,2240,0,1983,98074
8651520510,20140515T000000,582800,4,2550,7636,1,0,8등급,1440,1110,1986,98074
7300400060,20140515T000000,370000,4,2710,5880,2,0,9등급,2710,0,1998,98092
7920100045,20140516T000000,350000,1,700,5100,1,0,7등급,700,0,1942,98115
8091400200,20140516T000000,252700,2,1070,9643,1,0,7등급,1070,0,1985,98030
9297301580,20140516T000000,451000,3,1560,4049,1.5,0,7등급,1000,560,1926,98126
2608300030,20140516T000000,408200,3,1800,5761,2,0,7등급,1800,0,1990,98106
7338200240,20140516T000000,437500,3,2320,36847,2,0,9등급,2320,0,1992,98045
7853240200,20140516T000000,619000,3,2720,6439,2,0,9등급,2720,0,2005,98065
5101404898,20140519T000000,592500,2,1420,9191,1.5,0,7등급,1420,0,1928,98115
7518503335,20140519T000000,475000,2,1490,3825,1,0,7등급,860,630,1929,98117
1332700270,20140519T000000,215000,2,1610,2040,2,0,7등급,1610,0,,98056
8078560140,20140519T000000,290000,4,1700,7280,2,0,,1700,0,1988,98031
1431700370,20140519T000000,290000,5,2120,7700,1.5,0,7등급,2120,0,1962,98058
1321710030,20140519T000000,320000,3,2680,7757,2,0,8등급,2680,0,1990,98023
7855801610,20140519T000000,1220000,4,3190,8684,1,0,9등급,1680,1510,1967,98006
5412200270,20140520T000000,288400,4,1860,6687,1,0,7등급,1220,640,1983,98031
7702010030,20140520T000000,551000,3,2830,5802,2,0,9등급,2830,0,2001,98028
98020310,20140520T000000,730000,4,3230,7331,2,0,10등급,3230,0,2004,98075
6411600069,20140521T000000,325000,3,990,6750,1,0,6등급,990,0,1947,98133
5379805885,20140521T000000,240000,2,1330,7200,1,0,7등급,1330,0,1993,98188
3905081070,20140521T000000,535800,4,1900,5790,2,0,8등급,1900,0,1994,98029
7517500611,20140521T000000,720000,3,2020,1159,3,0,8등급,2020,0,2000,98103
6623400135,20140522T000000,324000,3,1750,7208,2,0,8등급,1750,0,1994,98055
2791500270,20140522T000000,243500,4,1980,7403,2,0,7등급,1980,0,1988,98023
9485951170,20140522T000000,480000,4,3250,34293,2,0,9등급,3250,0,1983,98042
8658300340,20140523T000000,80000,1,430,5050,1,0,4등급,430,0,1912,98014
5437820310,20140523T000000,218000,3,960,9633,1,0,6등급,960,0,1982,98022
546000875,20140523T000000,460000,3,1670,4005,1.5,0,7등급,1170,500,1939,98117
3226200105,20140523T000000,325000,3,1920,6862,1,0,7등급,1120,800,1952,98118
4139400710,20140523T000000,782000,4,2380,9614,2,0,10등급,2380,0,1991,98006
6380500135,20140527T000000,326100,2,880,7683,1,0,6등급,880,0,1942,98177
9212900260,20140527T000000,468000,2,1160,6000,1,0,7등급,860,300,1942,98115
2769600560,20140527T000000,529000,3,1210,3328,1.5,0,7등급,1210,0,1924,98107
6798100662,20140527T000000,312000,3,1255,1374,3,0,7등급,1255,0,2004,98125
1102000196,20140527T000000,477000,4,1720,6270,2,0,8등급,1720,0,1978,98118
5000500055,20140528T000000,215000,2,1320,8865,1,0,6등급,1320,0,1943,98168
114101516,20140528T000000,310000,3,1430,19901,1.5,0,7등급,1430,0,1927,98028
9435300030,20140528T000000,550000,4,1660,34848,1,0,,930,730,1933,98052
3526069070,20140528T000000,799000,4,2580,209523,2,0,8등급,2580,0,1984,98053
4298100070,20140528T000000,630000,4,2740,43101,2,0,9등급,2740,0,1993,98077
9528104108,20140529T000000,535000,3,1360,1016,3,0,7등급,1310,50,2003,98115
1840000030,20140529T000000,267500,3,1590,11914,1,0,7등급,1090,500,1957,98188
6865200140,20140529T000000,485000,4,1600,4300,1.5,0,7등급,1600,0,1916,98103
6979900390,20140529T000000,565000,4,2440,22594,2,0,8등급,2440,0,1996,98053
4027700812,20140529T000000,452000,4,2590,10002,1,0,8등급,1340,1250,1968,98028
5152100060,20140529T000000,472000,,4410,14034,1,0,9등급,2350,2060,1965,98003
7972000200,20140529T000000,264950,4,,9753,1,0,7등급,1120,600,1978,98023
2254502445,20140530T000000,385000,3,1220,4800,1,0,6등급,1220,0,1901,98122
8562890700,20140530T000000,395000,4,2910,5000,2,0,8등급,2910,0,2002,98042
7805450810,20140530T000000,860000,3,3060,12095,2,0,10등급,3060,0,1983,98006
1133000671,20140602T000000,315000,3,960,6634,1,0,6등급,960,0,1952,98125
600000152,20140602T000000,404000,,2030,8880,1,0,7등급,1330,700,1963,98108
200350070,20140602T000000,559900,3,2930,5569,1,0,9등급,1860,1070,2004,98072
1189001180,20140603T000000,425000,3,-100,6000,1,0,7등급,1110,550,1979,98122
3188100400,20140603T000000,530000,3,1250,6041,1.5,0,7등급,1250,0,1942,98115
4385700765,20140603T000000,850000,3,1370,3850,1,0,7등급,770,600,1911,98112
5466000030,20140603T000000,328500,3,1950,8130,2,0,9등급,1950,0,1990,98042
7871500070,20140603T000000,930000,4,2200,4000,2,0,8등급,1430,770,1908,98119
1189000030,20140603T000000,650000,5,2550,5040,1.5,0,8등급,2550,0,1902,98122
7325600160,20140604T000000,299000,1,560,12120,1,0,4등급,560,0,,98014
7454001200,20140604T000000,390000,3,1250,7500,1,0,7등급,1250,0,1942,98146
8018600765,20140604T000000,240500,3,1460,10584,1,0,,990,470,1997,98168
2473400340,20140604T000000,320000,3,1650,9380,1,0,7등급,1130,520,1978,98058
6607000126,20140604T000000,375000,4,2200,7475,1,0,7등급,1100,1100,1955,98118
3323500030,20140604T000000,1270000,5,3200,17204,1,0,7등급,2160,1040,1952,98004
3211290370,20140605T000000,463000,3,1640,29970,2,0,7등급,1640,0,1992,98053
7138000260,20140605T000000,279950,3,1750,9750,1,0,7등급,1350,400,1961,98198
293720140,20140605T000000,449950,3,2170,4912,2,0,7등급,2170,0,2003,98028
6067900060,20140605T000000,565000,3,2390,9966,1,0,8등급,1360,1030,1977,98006
3261020370,20140605T000000,653000,3,2680,9750,1,0,8등급,1610,1070,1979,98034
4365200860,20140606T000000,385200,4,1550,7740,1.5,0,6등급,1550,0,1954,98126
8731951670,20140606T000000,270000,4,1900,8600,1,0,8등급,1900,0,1975,98023
6300000287,20140609T000000,410000,3,1410,5060,1,0,7등급,910,500,1956,98133
9423400140,20140609T000000,450000,3,1640,13500,1,0,7등급,1110,530,1940,98125
5104540240,20140609T000000,609900,4,3190,7399,2,0,10등급,3190,0,2006,98038
766500030,20140610T000000,225000,3,1760,26055,1,0,7등급,920,840,1979,98042
4379400260,20140610T000000,695000,3,2540,4694,2,0,9등급,2540,0,2005,98074
8820901275,20140610T000000,571000,4,2750,7807,1.5,0,7등급,2250,500,1916,98125
2324800070,20140610T000000,740000,3,3000,25341,2,0,9등급,3000,0,1995,98053
1762600320,20140610T000000,1030000,5,3760,28040,2,0,10등급,3760,0,1983,98033
1755700060,20140611T000000,371500,3,1370,8336,1,0,7등급,1370,0,1964,98133
1494300060,20140611T000000,522000,3,1730,8400,1,0,7등급,1400,330,1980,98052
1952200240,20140611T000000,850830,3,2070,13241,1.5,0,9등급,1270,800,1910,98102
3332000135,20140612T000000,315000,2,970,5665,1,0,6등급,970,0,1908,98118
3191000240,20140612T000000,400000,3,1590,8219,1.5,0,6등급,970,620,1938,98034
226039214,20140612T000000,465250,5,1940,7642,1.5,0,7등급,1940,0,1957,98177
1742800060,20140612T000000,501000,3,1970,7972,1,0,8등급,1370,600,1976,98055
8651520400,20140612T000000,610750,4,2180,7297,2,0,8등급,2180,0,1984,98074
6306400140,20140612T000000,1100000,0,3064,4764,3.5,0,7등급,3064,0,1990,98102
1742800030,20140612T000000,578000,4,3140,9225,1,0,9등급,1770,1370,1966,98055
1802000060,20140612T000000,1330000,5,3200,20158,1,0,8등급,1600,1600,1965,98004
1243100136,20140612T000000,784000,3,3950,111078,1.5,0,9등급,2460,1490,1989,98052
3885805665,20140612T000000,1490000,4,4030,10800,2,0,10등급,4030,0,2006,98033
1954700695,20140612T000000,2250000,5,4860,9453,1.5,0,10등급,3100,1760,1905,98112
3530490070,20140613T000000,210000,2,1440,5680,1,0,8등급,1440,0,1978,98198
9547205180,20140613T000000,696000,3,2300,3060,1.5,0,8등급,1510,790,1930,98115
2331300505,20140613T000000,822500,20,2320,4960,2,0,7등급,1720,600,1926,98103
3127200041,20140613T000000,589000,4,2440,9600,2,0,7등급,2440,0,1961,98034
2725069050,20140613T000000,863000,4,4120,22370,2,0,10등급,4120,0,1997,98074
1727500340,20140614T000000,397500,3,-100,6710,1,0,7등급,1070,440,1972,98034
2612000390,20140615T000000,269950,3,1890,4838,2,0,8등급,1730,160,2002,98168
2710600045,20140616T000000,460000,3,1550,4708,1,0,7등급,860,690,1949,98115
2424000060,20140616T000000,500000,,2280,15347,1,0,7등급,2280,0,1960,98059
5115000160,20140617T000000,242000,3,1280,7524,1.5,0,7등급,1280,0,1988,98031
4047200695,20140618T000000,330000,3,1600,26977,2,0,8등급,1600,0,2005,98019
8856950240,20140618T000000,322500,4,1820,6753,2,,7등급,1820,0,1994,98038
3342103156,20140618T000000,461000,3,2770,6278,2,0,9등급,1980,790,2006,98056
3275860240,20140618T000000,770000,3,2910,10204,2,0,9등급,2910,0,1990,98052
4139480200,20140618T000000,1380000,4,4290,12103,1,0,11등급,2690,1600,1997,98006
3225079035,20140618T000000,1600000,6,6050,230652,2,,11등급,6050,0,2001,98024
1682500160,20140619T000000,210000,3,1440,7210,1,0,8등급,1440,0,1983,98092
2473251090,20140619T000000,2159200,4,1530,8750,1.5,0,7등급,1530,0,1968,98058
2747100024,20140619T000000,576000,3,1940,9000,1,0,7등급,970,970,1948,98117
1604601375,20140619T000000,378750,3,2160,3000,1.5,0,7등급,1260,900,1909,98118
5104450990,20140619T000000,429900,4,2640,8625,2,,8등급,2640,0,1987,98058
1723049033,20140620T000000,245000,1,380,15000,1,0,5등급,380,0,1963,98168
3300701170,20140620T000000,395000,3,1500,4000,1,0,6등급,900,600,1925,98117
3574800520,20140620T000000,441000,3,1910,7280,1,0,7등급,1160,750,1979,98034
2078500320,20140620T000000,605000,4,2620,7553,2,0,8등급,2620,0,1996,98056
1923000160,20140620T000000,905000,4,2970,14486,2,0,9등급,2340,630,,98040
7202331420,20140620T000000,650000,4,3040,6587,2,0,7등급,3040,0,2003,98053
5486800070,20140620T000000,1950000,7,4640,15235,2,0,11등급,2860,1780,1965,98040
582000135,20140622T000000,565000,2,1330,6000,1,0,7등급,960,370,1914,98199
4060000240,20140623T000000,205425,2,880,6780,1,0,6등급,880,0,1945,98178
3432500486,20140623T000000,299995,2,1060,7200,1,0,6등급,1060,0,1951,98155
3578110200,20140623T000000,440000,3,1560,7207,1,0,7등급,1250,310,1983,98034
2172000075,20140623T000000,290900,2,1610,17600,2,0,6등급,1610,0,1930,98178
5175800060,20140623T000000,365000,4,1940,25600,1,0,8등급,1940,0,1962,98006
3010300240,20140623T000000,577000,3,2060,5750,1,0,7등급,1330,730,1976,98116
3456000160,20140623T000000,800000,3,2380,11824,1,0,9등급,1450,930,1972,98040
7504101230,20140623T000000,675000,4,2810,11120,2,0,9등급,2810,0,1982,98074
7846700310,20140623T000000,280000,2,,3000,1,0,7등급,1010,0,1925,98045
2008200060,20140624T000000,160000,3,1010,9600,1,0,7등급,1010,0,1962,98198
7199330390,20140624T000000,415000,3,1070,8000,1,0,7등급,1070,0,1977,98052
5101402488,20140624T000000,438000,3,1520,6380,1,0,7등급,790,730,1948,98115
461000390,20140624T000000,687500,4,2330,5000,1.5,0,7등급,1510,820,1929,98117
1196003428,20140624T000000,405000,3,3170,12750,2,0,10등급,2360,810,1995,98023
3225069065,20140624T000000,3080000,4,4550,18641,1,1,10등급,2600,1950,2002,98074
5462100240,20140625T000000,196500,3,1320,9000,1,0,7등급,1320,0,1966,98001
7697870860,20140625T000000,245000,3,1410,5760,1,0,7등급,1410,0,1985,98030
9517200030,20140625T000000,365500,3,1410,9600,1,0,7등급,1410,0,1983,98072
3663500060,20140625T000000,400000,3,2180,7508,1,0,7등급,1420,760,1962,98133
3216900060,20140625T000000,390000,4,2340,8548,2,0,8등급,2340,0,1993,98031
809001525,20140625T000000,890000,4,2550,4000,2,0,8등급,2370,180,1905,98109
3362400431,20140626T000000,518500,3,1590,1102,3,0,8등급,1590,0,2010,98103
8856890200,20140626T000000,350000,3,1780,16290,2,0,8등급,1780,0,1987,98058
824079032,20140626T000000,563500,4,2085,174240,1,0,7등급,1610,475,1964,98024
1794500383,20140626T000000,937000,3,2450,2691,2,0,8등급,1750,700,1915,98119
6154500070,20140626T000000,1050000,4,3450,7832,2,0,10등급,3450,0,2007,98006
4232901525,20140627T000000,665000,2,1110,3200,1,0,7등급,1110,0,1925,98119
623069068,20140627T000000,425000,3,1520,213444,1.5,0,8등급,1520,0,1988,98027
1321400060,20140627T000000,257500,3,1715,6819,2,0,7등급,1715,0,1995,98003
4136890260,20140627T000000,327000,5,2400,8050,2,0,8등급,2400,0,1998,98092
7524000030,20140630T000000,250000,3,1440,9220,1,0,7등급,1440,0,1965,98198
7202360350,20140630T000000,780000,4,3500,7048,2,0,9등급,3500,0,2005,98053
7212652180,20140701T000000,314500,20,2050,13303,1,0,8등급,2050,0,1993,98003
2998800125,20140701T000000,730000,2,2130,4920,1.5,0,7등급,1530,600,,98116
6055000310,20140701T000000,530000,3,3660,39478,2,0,9등급,3260,400,1989,98022
326069104,20140701T000000,800000,3,3830,221284,2,0,10등급,3530,300,1993,98077
9552700140,20140702T000000,675000,5,2900,10300,1,0,8등급,1450,1450,1985,98006
1909600046,20140703T000000,445838,3,2250,5692,2,0,8등급,2250,0,2000,98146
7137970340,20140703T000000,285000,5,2270,6300,2,0,8등급,2270,0,1995,98092
191100045,20140703T000000,940000,4,2490,9525,2,0,9등급,2490,0,1968,98040
1722059235,20140703T000000,304900,4,2600,11325,1,0,7등급,1610,990,1969,98031
3992700335,20140707T000000,382500,2,1190,4440,1,0,6등급,1190,0,1981,98125
2218000335,20140707T000000,530000,3,1320,2500,1,,7등급,870,450,1918,98105
1921069084,20140707T000000,404950,4,2340,217014,1,0,8등급,2340,0,1982,98092
7203220400,20140707T000000,861990,5,3595,5639,2,0,9등급,3595,0,2014,98053
9528102772,20140708T000000,438000,2,1270,1372,3,0,8등급,1270,0,2000,98115
1777500060,20140708T000000,527700,5,2820,9375,1,0,8등급,1550,1270,1968,98006
7504010570,20140708T000000,900000,3,3180,12600,2,0,11등급,3180,0,,98074
2329500260,20140709T000000,232500,3,1940,9887,1,0,7등급,1140,800,1969,98003
5151600340,20140709T000000,290000,3,1950,15954,1,0,8등급,1950,0,1959,98003
3881900445,20140709T000000,399950,5,1970,5400,1,0,7등급,1320,650,1986,98144
9297300045,20140709T000000,550000,3,1970,4166,2,0,8등급,1270,700,1929,98126
8081020370,20140709T000000,1360000,4,3550,11000,1,0,11등급,2260,1290,1999,98006
5416510140,20140710T000000,360000,4,2380,5000,2,0,8등급,2380,0,2005,98038
9510920070,20140710T000000,879000,4,3360,22111,2,0,10등급,3360,0,1994,98075
8678500060,20140710T000000,1550000,5,6070,171626,2,0,12등급,6070,0,1999,98024
1604602050,20140711T000000,460000,3,1610,2527,2,0,9등급,1080,530,2005,98118
6145601000,20140711T000000,429950,4,1760,7216,1,0,7등급,1090,670,1947,98133
722079104,20140711T000000,314000,3,1810,41800,1,0,7등급,1210,600,1980,98038
9286000240,20140711T000000,1070000,6,4860,11793,2,0,11등급,3860,1000,1998,98006
3121500340,20140712T000000,690000,4,2900,23488,2,0,9등급,2900,0,1992,98053
3278600710,20140714T000000,200000,1,1010,1157,2,0,8등급,950,60,2007,98126
9277200111,20140714T000000,650000,4,2010,5070,1,0,7등급,1300,710,1963,98116
3670500710,20140715T000000,405500,3,1010,8108,1,0,7등급,1010,0,1954,98155
510002519,20140715T000000,466000,2,1140,1058,3,0,7등급,1140,0,2005,98103
236400320,20140715T000000,238000,4,1400,7242,1.5,0,7등급,1400,0,1959,98188
3179100435,20140715T000000,641000,2,1420,5332,1,0,8등급,1070,350,1953,98105
192460060,20140715T000000,330000,3,1510,15744,1,0,7등급,1510,0,1985,98045
4021100045,20140715T000000,550000,3,2380,17950,2,0,8등급,2110,270,1934,98155
5547700270,20140715T000000,625000,4,2570,5520,2,0,9등급,2570,0,2000,98074
5126900100,20140923T000000,150000,2,790,7275,1,0,6등급,790,0,1944,98058
2422029094,20140716T000000,517534,2,833,143947,1,0,5등급,833,0,2006,98070
7551300060,20140716T000000,470000,3,1010,5000,1,0,7등급,1010,0,1952,98107
8648200030,20140716T000000,260000,3,1100,10968,1,0,7등급,1100,0,1984,98042
6203000160,20140716T000000,460500,3,1490,10650,1,0,7등급,1150,340,1963,98033
9465910070,20140716T000000,480000,3,1940,10035,2,0,8등급,1940,0,1994,98072
4178300310,20140716T000000,785000,4,2290,13416,2,0,9등급,2290,0,1981,98007
4164100160,20140716T000000,450000,4,2390,23899,1,0,7등급,1750,640,1949,98028
7942600310,20140717T000000,375000,2,940,5120,1,0,7등급,940,0,1909,98122
1025049114,20140717T000000,625504,3,1270,1566,2,0,8등급,1060,210,2014,98105
4058801670,20140717T000000,445000,3,2100,8201,1,0,8등급,1620,480,1967,98178
8732020310,20140717T000000,260000,4,2160,8811,1,0,8등급,1360,800,1978,98023
6300000550,20140717T000000,464000,6,2300,3404,2,0,7등급,1600,700,1920,98133
2301400640,20140717T000000,891000,4,2330,5000,1.5,0,7등급,1720,610,1925,98117
8682262400,20140718T000000,430000,2,1350,4003,1,0,8등급,1350,0,2004,98053
5104510270,20140718T000000,338900,4,1830,5612,2,0,7등급,1830,0,2003,98038
3558900070,20140718T000000,497000,3,1870,9315,1,0,7등급,1350,520,1975,98034
7852110140,20140718T000000,552250,4,2580,5823,2,0,8등급,2580,0,2002,98065
6665800030,20140718T000000,590000,4,2910,10650,1,0,8등급,1780,1130,1975,98033
8035350320,20140718T000000,488000,3,3160,13603,2,0,8등급,3160,0,2003,98019
5147600105,20140721T000000,178500,2,740,6460,1,0,6등급,740,0,1953,98146
1895000260,20140721T000000,207950,2,890,5000,1,0,6등급,890,0,1917,98118
1565900070,20140721T000000,246500,3,1430,8919,1,0,7등급,1430,0,1992,98022
3353400435,20140721T000000,230000,3,1450,11204,1,0,7등급,1450,0,2003,98001
1402600700,20140721T000000,359900,4,2470,7698,2,0,8등급,2470,0,1983,98058
7322910030,20140721T000000,1100000,5,4410,57063,2,0,9등급,4410,0,1990,98053
3278600240,20140722T000000,372500,2,1400,2958,2,0,8등급,1400,0,2007,98126
2877103726,20140722T000000,791500,4,1510,3500,1.5,0,7등급,1510,0,1911,98103
8159610030,20140722T000000,196000,3,2070,11576,2,0,7등급,2070,0,1974,98001
103000116,20140722T000000,645000,3,2070,5500,1,0,7등급,1130,940,1946,98115
8077210350,20140722T000000,639000,4,2210,9875,2,0,9등급,2210,0,1990,98074
3454000060,20140722T000000,1000000,4,2610,3277,1.5,0,8등급,1920,690,1922,98103
4309710240,20140722T000000,725000,4,2990,29170,2,0,9등급,2990,0,1999,98059
3395050060,20140722T000000,628000,3,4000,11894,1,0,9등급,2190,1810,1987,98011
3969300030,20140723T000000,165000,4,1000,7134,1,0,6등급,1000,0,1943,98178
6661200320,20140723T000000,163500,2,1050,3419,2,0,7등급,1050,0,1996,98038
3530510041,20140723T000000,188500,2,1240,2493,1,0,8등급,1240,0,1985,98198
7849202231,20140723T000000,337000,3,1470,3976,2,0,7등급,1470,0,1999,98065
9521101455,20140723T000000,548000,2,1470,3864,1,0,7등급,1170,300,1916,98103
6113400046,20140723T000000,389999,4,1890,15770,2,0,7등급,1890,0,1968,98166
1525200060,20140723T000000,577500,3,2000,7251,2,0,9등급,2000,0,1995,98034
3278600320,20140723T000000,465000,3,2150,4084,2,0,8등급,2150,0,2007,98126
4099500935,20140723T000000,705000,3,2180,10221,1,0,7등급,1140,1040,1946,98040
3629790160,20140724T000000,524250,3,1710,3469,2,0,8등급,1710,0,1999,98029
3298700946,20140725T000000,340000,2,1090,6771,1,0,6등급,1090,0,1954,98106
6021501535,20140725T000000,430000,3,1580,5000,1,0,8등급,1290,290,1939,98117
3830630310,20140725T000000,260000,3,1670,5797,2,0,7등급,1670,0,1988,98030
9545230140,20140725T000000,597750,4,2310,9624,2,0,8등급,2310,0,1984,98027
9542850320,20140725T000000,790000,3,2370,10289,1,0,9등급,1590,780,,98005
6431000270,20140728T000000,565000,2,960,4080,1,0,7등급,960,0,1911,98103
8960000030,20140728T000000,215000,3,1180,7669,1,0,7등급,1180,0,1967,98058
7203102050,20140728T000000,435000,3,1840,5680,2,0,7등급,1840,0,2008,98053
7830800339,20140728T000000,360000,4,2210,17715,2,0,8등급,2210,0,1997,98030
3329500060,20140728T000000,305000,4,2250,9091,1,0,7등급,1340,910,1982,98001
6777800160,20140728T000000,285000,4,2510,7440,1,,8등급,1290,1220,1962,98032
8820903380,20140728T000000,452000,6,2660,13579,2,0,7등급,2660,0,1937,98125
1923000030,20140728T000000,1120000,4,3840,16619,2,0,10등급,3840,0,1983,98040
713500030,20140728T000000,1350000,5,4800,14984,2,0,11등급,3480,1320,1998,98006
1432701230,20140729T000000,309000,3,1280,9656,1,0,6등급,920,360,1959,98058
1959701890,20140729T000000,865000,4,1800,4180,2,0,8등급,1800,0,1921,98102
8078490390,20140729T000000,295000,3,1810,10530,1,0,8등급,1810,0,1991,98022
3959400710,20140730T000000,447000,3,1370,6001,1,0,7등급,1230,140,1944,98108
1842000140,20140730T000000,335000,3,1570,7500,1,0,7등급,1300,270,1953,98146
6073200075,20140730T000000,625000,3,1600,9135,1,0,7등급,1600,0,1955,98006
8665050060,20140731T000000,457500,3,1500,4445,2,0,8등급,1500,0,1996,98029
5637500070,20140731T000000,438000,3,1520,1304,2,0,8등급,1180,340,2006,98136
1875500060,20140731T000000,395000,3,1890,14040,2,0,7등급,1890,0,1994,98019
7852070060,20140731T000000,1150000,4,4370,18361,2,0,11등급,4370,0,2001,98065
2890100060,20140801T000000,385000,4,2040,10726,1,0,7등급,1380,660,1954,98177
7613700521,20140802T000000,1250000,4,3160,5000,2,0,9등급,2360,800,1965,98105
3856902996,20140804T000000,553500,2,850,2340,1,0,7등급,850,0,1922,98105
7203600550,20140804T000000,325000,2,1060,5703,1,0,6등급,1060,0,1946,98198
100600550,20140804T000000,226500,3,1300,7370,1,0,7등급,900,400,1976,98023
3456000310,20140804T000000,840000,4,2480,11010,1,0,9등급,1630,850,1966,98040
5231000060,20140805T000000,310000,3,1490,7150,1,0,6등급,1490,0,1967,98059
3655000070,20140805T000000,220000,4,2020,7840,1,0,7등급,1010,1010,1968,98003
952003285,20140805T000000,679900,3,2440,5750,2,0,9등급,1980,460,2000,98116
4298100240,20140805T000000,660000,3,2680,28243,2,,9등급,2680,0,1993,98077
1923069078,20140805T000000,890000,4,3180,194278,2,0,10등급,3180,0,2005,98059
8651100140,20140805T000000,1220000,4,3200,15367,2,0,9등급,3200,0,1962,98040
624111000,20140805T000000,950000,3,4040,14338,2,0,10등급,3030,1010,1986,98077
7821200390,20140806T000000,450000,3,1290,1213,3,0,8등급,1290,0,2001,98103
7625701891,20140806T000000,435000,3,1400,4800,1,0,6등급,700,700,1917,98136
5416510830,20140806T000000,300000,4,1910,4862,2,0,7등급,1910,0,2005,98038
1786640070,20140806T000000,361000,3,1950,8698,1,0,8등급,1950,0,1999,98042
6799300270,20140806T000000,310950,4,2030,4997,2,0,8등급,2030,0,2004,98031
3224079105,20140806T000000,430000,2,2420,60984,2,0,7등급,2420,0,2007,98027
1703050200,20140806T000000,648000,4,2620,5450,2,0,9등급,2620,0,2001,98074
8731900200,20140807T000000,320000,4,2640,7500,1,0,8등급,1620,1020,1967,98023
7548300731,20140808T000000,559950,3,1660,1458,3,0,9등급,1660,0,2014,98144
3793500550,20140808T000000,289950,3,1670,6186,2,,7등급,1670,0,2002,98038
3629920030,20140808T000000,520000,4,1890,3006,2,0,7등급,1890,0,2003,98029
7937600830,20140808T000000,390000,4,2570,262018,1,0,7등급,1420,1150,1988,98058
2225059214,20140808T000000,1580000,4,4670,51836,2,0,12등급,4670,0,1988,98005
880000189,20140811T000000,209000,3,1230,1340,2,0,7등급,1020,210,2003,98106
8155830060,20140811T000000,297000,3,1450,7562,2,0,7등급,1450,0,1994,98056
6403310060,20140811T000000,539900,3,1650,10150,1,,8등급,1230,420,1976,98033
3260800030,20140811T000000,335000,3,2440,7632,2,0,8등급,2440,0,1998,98003
7574910860,20140811T000000,800000,4,2570,50308,1.5,0,10등급,2570,0,1993,98077
1853080570,20140811T000000,859900,4,3390,6298,2,0,9등급,3390,0,2011,98074
7766200013,20140811T000000,775000,4,4220,24186,1,0,8등급,2600,1620,1984,98166
8820901670,20140811T000000,971000,5,4390,10140,2,0,9등급,3350,1040,2005,98125
2200500350,20140812T000000,500000,2,1640,14100,1,0,7등급,1140,500,1954,98006
3056800160,20140812T000000,370500,4,1790,6120,2,,7등급,1790,0,2005,98059
2617300160,20140812T000000,420000,3,2020,38332,1,0,7등급,1010,1010,1975,98027
5469700570,20140812T000000,469500,5,2970,24759,1,0,8등급,1670,1300,1969,98031
921049315,20140813T000000,199000,3,1320,17390,1,0,7등급,1320,0,1956,98003
1402200340,20140813T000000,385000,3,1800,18000,1,0,8등급,1200,600,1968,98058
7812800565,20140814T000000,289500,3,960,6400,1,,6등급,820,140,,98178
7974200510,20140814T000000,415000,2,1070,4500,1,0,7등급,1070,0,1937,98115
2436701180,20140814T000000,671500,5,2160,4000,1.5,0,7등급,1530,630,1927,98105
5014600240,20140814T000000,682000,5,2760,5000,2,0,9등급,2760,0,2005,98059
41000454,20140815T000000,130000,2,880,9000,1,,5등급,880,0,1928,98188
6131600060,20140815T000000,214000,3,1200,8316,1,0,6등급,1200,0,1953,98002
4083305445,20140815T000000,650000,3,1340,2720,1.5,0,7등급,1340,0,1913,98103
5029450160,20140815T000000,222000,3,,7187,1,0,7등급,970,470,1981,98023
7453000070,20140818T000000,275000,2,940,5000,1,0,6등급,940,0,1951,98126
9274202270,20140818T000000,625000,2,1490,5750,1.5,0,7등급,1190,300,1900,98116
9477200200,20140818T000000,305000,3,1650,9480,1,0,7등급,1220,430,1977,98034
925059078,20140819T000000,604950,3,-100,5608,1,0,8등급,1340,770,2013,98033
8857600960,20140819T000000,205000,3,940,7980,1,0,7등급,940,0,1960,98032
7942601895,20140819T000000,640000,3,2160,4000,1.5,0,8등급,1960,200,1903,98122
9478500640,20140819T000000,292500,4,,4495,2,0,7등급,2250,0,2008,98042
3362900810,20140820T000000,532170,3,1360,3090,2,0,8등급,1360,0,1990,98103
4233400340,20140820T000000,185000,3,1430,10816,2,0,7등급,1430,0,1994,98010
9276201895,20140820T000000,615000,3,1900,5000,1,0,7등급,950,950,1951,98116
9346980140,20140820T000000,605000,3,1920,7400,1,0,8등급,1260,660,1977,98006
316000160,20140821T000000,260000,3,1480,7469,1.5,0,6등급,1120,360,1940,98168
7511800070,20140821T000000,264000,3,1820,10608,1,0,7등급,1820,0,1962,98003
9133600075,20140821T000000,373000,3,1830,11788,1,0,8등급,1430,400,1958,98055
7437100570,20140821T000000,291000,4,1860,6325,2,0,7등급,1860,0,1991,98038
7504101040,20140821T000000,722500,5,4870,11800,2,0,10등급,3470,1400,1983,98074
4006000251,20140822T000000,226000,3,970,5000,1,0,6등급,970,0,1968,98118
5468730030,20140822T000000,265000,3,1320,8959,1,0,7등급,1320,0,1993,98042
5611500140,20140822T000000,686000,4,2760,6440,2,0,10등급,2760,0,1999,98075
1274500060,20140825T000000,204000,3,1000,12070,1,0,7등급,1000,0,1968,98042
1387300070,20140825T000000,374000,3,1330,10640,1,0,7등급,1330,0,1976,98011
7199350340,20140825T000000,460000,3,1440,7070,1,0,7등급,1440,0,1980,98052
7555210340,20140825T000000,752500,4,2360,8616,2,0,8등급,2360,0,1974,98033
3420069065,20140825T000000,360000,4,3730,16980,1,0,7등급,2150,1580,1974,98022
9468200125,20140826T000000,480000,2,1030,3060,1,0,7등급,790,240,1918,98103
5101405335,20140826T000000,414900,3,1260,9570,1,0,7등급,870,390,1941,98115
405100295,20140826T000000,265000,3,1420,8250,1,0,7등급,1420,0,1954,98133
2524049179,20140826T000000,2000000,3,3050,44867,1,0,9등급,2330,720,1968,98040
3134100116,20140827T000000,470000,5,2030,12342,2,0,7등급,2030,0,1942,98052
7922800400,20140827T000000,951000,5,3250,14342,2,0,8등급,3250,0,1968,98008
4302200695,20140828T000000,270000,2,1000,10320,1,0,6등급,1000,0,1943,98106
9558200045,20140828T000000,289000,3,1260,8400,1,0,7등급,1260,0,1954,98148
8682300890,20140828T000000,699800,2,2380,6600,1,0,8등급,2380,0,2010,98053
8712100575,20140828T000000,915000,5,2750,5589,1.5,0,9등급,1840,910,1910,98112
1072010350,20140828T000000,380000,5,2760,11340,2,0,9등급,2760,0,1978,98059
1250202145,20140828T000000,1070000,2,3900,14864,1,0,8등급,1950,1950,1947,98144
1873100060,20140829T000000,693000,4,2460,4425,2,0,8등급,2460,0,2006,98052
6844700810,20140901T000000,438924,3,1050,4590,1,0,7등급,850,200,1949,98115
2021200370,20140901T000000,1100000,3,3010,5000,2,0,9등급,1890,1120,1931,98199
3294700310,20140902T000000,261000,,750,8125,1,0,6등급,750,0,1943,98055
708000030,20140902T000000,888000,3,1250,8710,1,0,7등급,1250,0,1953,98004
3395070640,20140902T000000,300000,3,1320,2614,2,0,7등급,1320,0,2005,98118
5149300200,20140902T000000,316500,3,1600,14250,1,0,7등급,1070,530,1979,98023
9542830350,20140902T000000,296000,4,1780,3600,2,0,7등급,1780,0,2006,98038
3677400445,20140902T000000,475000,3,2480,5280,1.5,0,7등급,1620,860,1947,98108
646910160,20140903T000000,237000,3,1490,2138,2,0,7등급,1490,0,2005,98055
1138020200,20140903T000000,435000,4,1510,6460,1,0,7등급,1070,440,1970,98034
705700390,20140903T000000,328000,3,2020,8379,2,0,7등급,2020,0,1994,98038
3869900162,20140904T000000,335000,2,1030,1066,2,0,7등급,765,265,2006,98136
2525069041,20140904T000000,505000,3,1830,217800,1,0,7등급,1010,820,1981,98053
5489200435,20140904T000000,550000,4,2670,5000,2,0,7등급,2670,0,1916,98126
626059335,20140904T000000,527000,4,,19436,2,0,8등급,2330,0,1987,98011
7520000520,20140905T000000,232000,2,1240,12092,1,0,6등급,960,280,1922,98146
1959700550,20140905T000000,740000,4,2050,4400,1.5,0,9등급,2050,0,1922,98102
1223039290,20140905T000000,403950,4,2120,13780,2,0,8등급,2120,0,1993,98146
1509500060,20140905T000000,370000,4,2720,8666,2,0,9등급,2720,0,1992,98030
11510310,20140905T000000,835000,4,3130,13412,2,0,9등급,2140,990,1993,98052
1180003090,20140906T000000,190000,2,630,6000,1,0,6등급,630,0,1943,98178
7967200060,20140908T000000,243000,3,1450,12125,1,0,7등급,1450,0,1981,98001
252000400,20140908T000000,323000,3,2100,14850,1,0,7등급,2100,0,1963,98042
7202340960,20140908T000000,581000,3,2600,4438,2,0,7등급,2600,0,2004,98053
1483300570,20140908T000000,905000,4,3300,10250,1,0,7등급,2390,910,1946,98040
2944010240,20140908T000000,988000,4,4040,19700,2,0,11등급,4040,0,1987,98052
6414100671,20140909T000000,425000,3,2500,6840,1,0,8등급,1300,1200,1957,98125
3394100030,20140909T000000,975000,4,2720,11049,2,0,10등급,2720,0,1989,98004
3426059070,20140909T000000,570000,3,2910,37461,1,0,7등급,1530,1380,,98052
1932300075,20140910T000000,245000,2,1050,5900,1,0,7등급,1050,0,1950,98126
3329530200,20140910T000000,205000,3,1410,8384,1,0,7등급,1410,0,1985,98001
6379500159,20140911T000000,400000,3,1190,1149,2,0,8등급,1050,140,2008,98116
1610000016,20140911T000000,175000,4,1300,6030,1.5,0,6등급,1300,0,1947,98168
224069094,20140911T000000,530000,3,2120,40518,1,0,8등급,2120,0,1967,98075
4037200075,20140911T000000,662500,6,2450,25600,1,0,7등급,1340,1110,1957,98008
1560930070,20140911T000000,840000,4,2840,40139,1,0,10등급,2840,0,1986,98038
1099611230,20140912T000000,199000,4,1160,6400,1,0,7등급,1160,0,1975,98023
9385200055,20140912T000000,650000,3,1510,2000,2,0,9등급,1330,180,2001,98116
5101405124,20140912T000000,435000,4,1700,6380,1,0,7등급,850,850,1940,98115
2436701200,20140912T000000,720000,3,2040,4000,2,0,7등급,1360,680,1924,98105
2287000060,20140912T000000,799000,3,2140,9897,1,0,8등급,2140,0,1959,98040
8832900550,20140912T000000,650000,3,2690,11575,1,0,8등급,2130,560,1957,98028
1525059190,20140912T000000,1040000,5,,50094,1,0,11등급,3070,1700,1973,98005
1862400132,20140916T000000,379000,2,930,5400,1,0,7등급,930,0,1952,98117
6852700478,20140916T000000,425000,2,970,2970,1,0,7등급,970,0,1910,98102
5245600105,20140916T000000,228000,3,1190,9199,1,0,7등급,1190,0,1955,98148
1726059053,20140916T000000,270000,2,1380,209959,1,0,6등급,1380,0,1954,98011
2525310310,20140916T000000,272500,3,1540,12600,1,0,7등급,1160,380,1980,98038
2268400350,20140916T000000,749000,4,1710,9627,1,0,9등급,1440,270,1976,98006
284000223,20140916T000000,578000,3,2120,10875,1,0,8등급,1540,580,1977,98146
3179100060,20140916T000000,880000,4,2800,6750,2,0,9등급,1890,910,1951,98105
1771000890,20140917T000000,305000,3,1160,9750,1,0,7등급,1160,0,1967,98077
2723089104,20140917T000000,315000,3,1540,17424,2,0,7등급,1540,0,1992,98045
8856004730,20140917T000000,199950,2,1590,20917,1.5,0,5등급,1590,0,1920,98001
8857320070,20140917T000000,490000,3,1980,3128,2,0,9등급,1980,0,1979,98008
7855801090,20140917T000000,795000,5,3040,9570,1,0,8등급,1640,1400,1966,98006
7806300030,20140917T000000,299000,3,3080,19635,1,0,7등급,1610,1470,1958,98032
7203000640,20140918T000000,215000,4,1130,7400,1,0,7등급,1130,0,1969,98003
1922059282,20140918T000000,325000,3,2220,16020,1,0,8등급,1780,440,1966,98030
2171400197,20140918T000000,350000,5,2520,5500,1,0,8등급,1550,970,2004,98178
4039300400,20140919T000000,469950,3,1620,8701,1,0,7등급,1220,400,1962,98007
2115200125,20140919T000000,384000,4,2100,7135,1,0,7등급,1050,1050,1955,98106
9526600140,20140919T000000,677900,3,2440,4587,2,0,8등급,2440,0,2010,98052
8564950390,20140919T000000,525000,4,2450,5280,2,0,8등급,2450,0,2003,98011
7279300070,20140922T000000,345500,3,1350,8581,1,0,6등급,1350,0,1944,98177
2013200390,20140922T000000,268000,4,1680,9966,1,0,7등급,1100,580,1977,98198
3904930240,20140922T000000,485000,3,1880,5502,2,0,8등급,1880,0,1988,98029
2757000030,20140922T000000,855000,4,2270,10460,2,0,9등급,2270,0,1965,98040
3353401710,20140923T000000,227950,3,1670,8230,1,0,7등급,1670,0,1954,98001
3832710960,20140923T000000,260000,3,1810,7209,1,0,7등급,1240,570,1978,98032
2473420140,20140923T000000,315000,4,2300,18360,1,0,7등급,1560,740,1979,98058
5450900060,20140923T000000,1480000,5,4570,19252,2,0,10등급,4570,0,1965,98040
9550204515,20140924T000000,542000,2,890,3060,1,0,7등급,770,120,1910,98105
6197800045,20140924T000000,290000,3,1210,33919,1,0,7등급,1210,0,1954,98058
1566100400,20140924T000000,387500,3,1220,8329,1,0,6등급,1220,0,1946,98115
8001400340,20140924T000000,289000,3,1850,9550,1,0,8등급,1850,0,1988,98001
2976800796,20140925T000000,236000,3,1300,5898,1,0,7등급,1300,0,1961,98178
3905040800,20140925T000000,533600,3,1930,5080,2,0,8등급,1930,0,1990,98029
3885805935,20140926T000000,5680000,4,1740,9000,1,0,8등급,1740,0,1958,98033
3438500192,20140929T000000,285000,3,1120,10701,1,0,7등급,1120,0,1954,98106
3830630060,20140929T000000,245000,3,1730,7442,2,0,7등급,1730,0,1987,98030
1687900520,20140929T000000,673000,4,2590,8190,2,0,8등급,2590,0,1980,98006
2025069065,20140929T000000,2400000,4,3650,8354,1,1,9등급,1830,1820,2000,98074
3013300288,20140930T000000,478500,3,2090,4755,1,0,8등급,1200,890,1969,98136
1442740140,20140930T000000,370000,3,2110,13300,2,0,8등급,2110,0,1985,98038
7852180340,20140930T000000,430000,3,2360,6699,2,0,7등급,2360,0,2003,98065
3300701615,20140930T000000,655000,4,2630,4000,3,0,8등급,2630,0,2002,98117
2231500030,20141001T000000,315000,4,-100,10754,1,0,7등급,1100,1080,1954,98133
8150100045,20141001T000000,210000,2,830,6000,1,0,6등급,830,0,1940,98126
2571910160,20141001T000000,283000,4,2130,8560,1,0,7등급,1560,570,1992,98022
1118500030,20141001T000000,810000,4,3520,15420,2,0,10등급,3520,0,,98074
726049190,20141002T000000,287500,3,1810,7200,1,0,7등급,1130,680,1954,98133
6073240060,20141002T000000,580000,4,3280,11060,2,0,8등급,2270,1010,1986,98056
7846200070,20141002T000000,595000,3,3370,14402,2,0,9등급,3370,0,2004,98045
1081200350,20141003T000000,320000,4,1760,11180,1,0,8등급,1760,0,1968,98059
2201500030,20141006T000000,420000,4,1750,9600,1.5,0,7등급,1750,0,1954,98006
2591820310,20141006T000000,365000,4,2070,8893,2,0,8등급,2070,0,1986,98058
205000520,20141006T000000,5900000,4,3200,36276,2,0,9등급,3200,0,1993,98053
6054650070,20141007T000000,400000,3,1370,9680,1,0,7등급,1370,0,1977,98074
3387900390,20141007T000000,255000,3,1410,9315,1,0,7등급,1410,0,1960,98031
5009600070,20141007T000000,260000,4,1960,5238,2,0,7등급,1960,0,2003,98038
5466420030,20141007T000000,253000,3,2020,6564,1,0,7등급,1310,710,1994,98042
2450000295,20141007T000000,1090000,3,2920,8113,2,0,8등급,2920,0,1950,98004
4054500390,20141007T000000,1370000,4,5310,57346,2,0,11등급,5310,0,1989,98077
339500160,20141008T000000,662000,3,2500,36947,1,0,9등급,2500,0,1984,98052
7010700292,20141009T000000,543500,3,1270,2790,1,0,7등급,990,280,1970,98199
1446800511,20141009T000000,249950,4,1330,7980,1.5,0,6등급,1330,0,1952,98168
8682250350,20141009T000000,507000,2,1670,6460,1,0,8등급,1670,0,2004,98053
3717000160,20141009T000000,287000,4,2240,4648,2,0,7등급,2240,0,2005,98001
6664000030,20141009T000000,980000,4,2240,11034,2,0,8등급,2240,0,1976,98004
7905370390,20141009T000000,475000,5,2340,7200,1,0,7등급,1300,1040,1975,98034
2322069114,20141010T000000,287653,3,1050,16050,1,0,7등급,1050,0,1960,98038
7526800200,20141010T000000,615000,4,2500,10062,1,0,8등급,1600,900,1975,98052
7129300520,20141013T000000,221900,3,1180,5650,1,0,7등급,1180,0,1955,98178
5102400105,20141013T000000,400000,4,1420,4875,1.5,0,7등급,1420,0,1930,98115
4036801170,20141013T000000,380000,4,1760,7300,1,0,7등급,880,880,1956,98008
4100000140,20141013T000000,640000,4,2060,9828,1,0,8등급,2060,0,1960,98005
1310900260,20141013T000000,318888,4,2320,12000,1,0,8등급,2270,50,1973,98032
1373800295,20141013T000000,1450000,3,4380,6320,2,0,10등급,3580,800,1952,98199
1222069094,20141014T000000,385000,20,1350,155073,1,0,7등급,1350,0,1969,98038
2287000030,20141014T000000,811000,3,1870,9897,1,0,8등급,1870,0,1960,98040
4022907770,20141014T000000,550000,4,2480,14782,1,0,8등급,1460,1020,1958,98155
8651610890,20141014T000000,1150000,4,4190,10259,2,0,11등급,3150,1040,2000,98074
2621760350,20141015T000000,325000,4,1850,7324,2,0,8등급,1850,0,1997,98042
1245002952,20141015T000000,1200000,4,2770,7800,2,0,10등급,2770,0,,98033
4139430340,20141015T000000,1030000,3,3680,13384,2,0,10등급,3680,0,1994,98006
7234600903,20141016T000000,419000,2,1180,1253,2,0,8등급,840,340,2008,98122
3814400125,20141016T000000,493000,4,1910,2874,1,0,7등급,1060,850,1910,98122
1596600024,20141016T000000,550000,5,2160,5720,1,0,7등급,1500,660,1950,98144
3438500486,20141016T000000,413000,4,2380,5809,2,0,7등급,1750,630,1995,98106
7004200060,20141017T000000,309600,4,1275,20000,1,0,6등급,1275,0,1991,98070
1745100140,20141017T000000,210000,3,1700,11390,1,0,7등급,1700,0,1967,98003
7214810350,20141017T000000,467000,5,2500,13500,1,0,7등급,1850,650,1979,98072
662310400,20141017T000000,515000,4,3590,8249,2,0,9등급,3590,0,,98023
7852020640,20141020T000000,470000,3,-100,4700,2,0,8등급,2100,0,1999,98065
7972601890,20141020T000000,385000,4,2360,7620,1,0,7등급,1180,1180,1955,98106
9500900135,20141021T000000,200000,3,1210,10588,1,0,7등급,1210,0,1958,98002
808000070,20141021T000000,206600,3,1390,13464,1,0,7등급,1390,0,1987,98030
7749500370,20141021T000000,225000,4,1800,9350,1,0,8등급,1800,0,1969,98092
3620069036,20141021T000000,265000,3,1820,32666,1,0,7등급,1820,0,1966,98022
5072410070,20141021T000000,505000,3,2519,8690,2,0,8등급,2519,0,1973,98166
809002765,20141022T000000,610000,3,1180,3400,1.5,0,8등급,1180,0,1907,98109
65000400,20141022T000000,570000,4,1490,6766,1.5,0,7등급,1490,0,1915,98136
3654800200,20141022T000000,265000,3,1720,6271,2,0,7등급,1720,0,1993,98038
3876300310,20141022T000000,439000,4,2060,10070,2,0,7등급,2060,0,1975,98034
1115450240,20141022T000000,360000,4,2160,9528,2,0,9등급,2160,0,1992,98001
3276930400,20141022T000000,625000,4,2220,36085,2,0,9등급,2220,0,1989,98075
2768301525,20141023T000000,570000,3,1570,1777,2,0,8등급,1260,310,2007,98107
7994700030,20141023T000000,201000,5,1660,78408,1.5,0,6등급,1660,0,1915,98065
2597650240,20141023T000000,520000,3,2030,16200,2,0,8등급,2030,0,1984,98027
7611200125,20141023T000000,467000,2,,10800,1,0,8등급,1320,0,1947,98177
8644000060,20141024T000000,237000,3,1270,8470,1,0,7등급,1270,0,1960,98198
770000045,20141024T000000,405600,5,2830,4000,2.5,0,8등급,2830,0,1918,98118
2123039032,20141027T000000,369900,1,760,10079,1,1,5등급,760,0,1936,98070
9169600135,20141027T000000,525000,3,1350,6000,1,0,7등급,900,450,1950,98136
1545804860,20141027T000000,275000,3,1590,7750,1,0,7등급,1060,530,1997,98038
5200100125,20141027T000000,555000,3,1980,3478,1.5,0,7등급,1440,540,1929,98117
8648100200,20141027T000000,331500,4,2050,10271,2,0,7등급,2050,0,1998,98042
3530210260,20141027T000000,274975,3,3030,45004,2,0,9등급,3030,0,1987,98077
2313900510,20141028T000000,532500,3,1330,5000,2,0,7등급,1210,120,1909,98116
9270200160,20141028T000000,685000,3,1570,2280,2,0,7등급,1570,0,1922,98119
9418400240,20141028T000000,355000,2,2020,6720,1,0,7등급,1010,1010,1948,98118
3624079046,20141028T000000,460000,4,2230,108900,1,0,7등급,1410,820,1978,98065
5468750060,20141028T000000,328500,4,2290,8250,2,0,9등급,2290,0,1990,98042
8961960160,20141028T000000,480000,4,3230,16171,2,0,9등급,2520,710,2001,98001
3121059033,20141029T000000,325000,3,1490,57381,1.5,0,5등급,1490,0,1932,98092
1922059046,20141029T000000,308000,3,1980,39150,1.5,0,6등급,1580,400,1932,98030
2270000070,20141030T000000,280000,4,1560,4350,2,0,7등급,1560,0,2003,98056
8075400570,20141030T000000,258000,5,2260,12500,1,0,8등급,1130,1130,1960,98032
3760000030,20141030T000000,669950,5,2820,14062,2,0,7등급,2380,440,1960,98034
1202000200,20141103T000000,233000,3,1710,4697,1.5,0,6등급,1710,0,1941,98002
6205500030,20141103T000000,480000,4,2180,10575,1,0,6등급,1730,450,1950,98005
2599001200,20141103T000000,305000,5,2660,8400,1.5,0,7등급,2660,0,1961,98092
1994200024,20141104T000000,511000,3,1430,3455,1,0,7등급,980,450,1947,98103
8944290160,20141104T000000,230000,3,1510,3413,2,0,7등급,1510,0,1985,98031
2205700350,20141104T000000,378500,4,1700,8640,1,0,7등급,850,850,1955,98006
4137050060,20141104T000000,280000,4,2050,7416,2,0,8등급,2050,0,1990,98092
3575200070,20141104T000000,560000,3,2060,31400,2,0,8등급,2060,0,1984,98074
3524049083,20141104T000000,445000,4,2100,4400,1.5,0,7등급,1720,380,1924,98118
1774220160,20141104T000000,632925,3,,32239,2,0,8등급,2990,0,1978,98077
1432600560,20141105T000000,166950,3,1190,8820,1,0,6등급,1190,0,1959,98058
2827100070,20141105T000000,290000,4,1330,8184,1.5,0,7등급,1330,0,1949,98133
6381500700,20141105T000000,365000,4,1590,7085,1.5,0,6등급,1590,0,1944,98125
3340401555,20141105T000000,235000,4,1690,11054,1,0,5등급,1690,0,1930,98055
2321300390,20141105T000000,650000,3,1870,3388,1,0,8등급,1230,640,1925,98199
1328320800,20141105T000000,305000,4,1950,7700,1,0,8등급,1350,600,1979,98058
4140090240,20141105T000000,520000,3,2590,9263,1,0,8등급,1440,1150,1977,98028
3276920270,20141105T000000,832500,4,3430,35102,2,0,10등급,2390,1040,1986,98075
2525000510,20141106T000000,328000,3,1470,7650,1,0,7등급,1130,340,1983,98059
7852030960,20141106T000000,437500,3,2120,4500,2,0,7등급,2120,0,2000,98065
1115300070,20141106T000000,684000,4,3040,8414,2,0,9등급,2420,620,2010,98059
826069046,20141107T000000,740000,3,2100,72745,1,0,9등급,2100,0,1995,98077
7589200193,20141110T000000,535000,3,1090,3000,1.5,0,8등급,1090,0,1929,98117
1962200435,20141110T000000,1010000,4,1820,5400,1.5,0,8등급,1820,0,1923,98102
8562750320,20141110T000000,580500,3,2320,3980,2,0,8등급,2320,0,2003,98027
2024069128,20141110T000000,1030000,3,3545,9816,1,0,10등급,2610,935,2005,98027
7549802535,20141111T000000,423000,4,1970,6480,1.5,0,7등급,1130,840,1920,98108
2110200036,20141111T000000,700000,5,2400,3118,2,0,7등급,1780,620,1928,98122
8651600160,20141111T000000,799000,4,2510,11585,2,0,8등급,2510,0,1969,98040
7282300125,20141112T000000,330000,3,980,7000,1,0,6등급,980,0,1953,98133
2222059065,20141112T000000,297000,3,1940,14952,2,0,8등급,1940,0,1994,98042
7578200310,20141112T000000,650000,4,2208,5000,3,0,8등급,2208,0,1917,98116
3343901234,20141113T000000,341500,3,1130,7223,1,0,7등급,1130,0,1961,98056
1865820370,20141113T000000,166600,,1150,8690,1,0,7등급,1150,0,1977,98042
8029200135,20141113T000000,247000,3,1270,7198,1.5,0,7등급,1270,0,1916,98022
9412200260,20141113T000000,496500,4,2250,14440,1,0,7등급,1550,700,1967,98027
6613000140,20141113T000000,1300000,3,3400,5979,2,0,9등급,2290,1110,1937,98105
1126049053,20141113T000000,770000,4,3820,26300,2,0,9등급,2850,970,,98028
8820902200,20141113T000000,1200000,4,4110,8400,2,0,9등급,3130,980,1928,98125
643500030,20141114T000000,431650,5,1710,7700,1.5,0,7등급,1710,0,1962,98007
4232902595,20141114T000000,940000,3,2140,3600,2,0,9등급,1900,240,1925,98119
936000060,20141114T000000,310000,5,2190,27260,1,0,7등급,2190,0,1947,98166
4386700135,20141114T000000,2250000,4,4760,8036,2.5,0,9등급,3390,1370,1916,98112
4338800370,20141117T000000,220000,3,1000,6020,1,0,6등급,1000,0,1944,98166
8718500075,20141117T000000,396000,3,1300,8280,1,0,7등급,1300,0,1956,98028
5419800510,20141117T000000,268500,4,1420,7500,1,0,7등급,1080,340,1981,98031
5437810320,20141117T000000,269950,3,1950,7560,1,0,7등급,1320,630,1975,98022
922049078,20141118T000000,157000,1,870,26326,1,0,6등급,870,0,1939,98198
1139000069,20141118T000000,320000,3,1240,1221,2,0,8등급,1050,190,2009,98133
6450303785,20141118T000000,320000,3,1340,5175,1,0,7등급,940,400,1987,98133
7843500070,20141118T000000,308000,4,1960,12243,2,0,8등급,1960,0,1989,98042
8159610060,20141119T000000,233000,3,1400,9177,1,0,7등급,1400,0,1974,98001
6675500070,20141119T000000,391500,3,1450,9132,1,0,7등급,1450,0,1987,98034
943100260,20141120T000000,213000,2,1000,10200,1,0,6등급,1000,0,1961,98024
5066400483,20141120T000000,249900,3,1380,14000,1,0,5등급,1380,0,,98001
8562501040,20141120T000000,452000,4,1580,7350,1,0,7등급,960,620,1963,98052
3291800710,20141120T000000,338000,4,2090,7500,1,0,7등급,1370,720,1986,98056
2423069155,20141120T000000,460000,4,2090,40419,1,0,7등급,2090,0,1984,98027
3814700200,20141120T000000,329000,3,2450,6500,2,0,8등급,2450,0,1985,98030
3253500160,20141120T000000,317625,3,2770,3809,1.5,0,7등급,1770,1000,1925,98144
3760500116,20141120T000000,3070000,3,3930,55867,1,1,8등급,2330,1600,1957,98034
6388930390,20141120T000000,650000,5,3960,25245,2,0,9등급,2500,1460,1996,98056
4348800030,20141121T000000,727500,2,1240,9119,1,0,7등급,1240,0,1952,98004
7800800160,20141121T000000,375000,3,2120,18500,2,0,8등급,2120,0,1983,98031
9264902050,20141121T000000,315000,6,2940,7350,1,0,8등급,1780,1160,1978,98023
825059270,20141121T000000,1100000,5,4090,12850,1,0,10등급,2090,2000,1986,98033
3626039325,20141121T000000,740500,3,4380,6350,2,0,8등급,2780,1600,1900,98117
4337000335,20141122T000000,268750,4,800,8775,1,0,6등급,800,0,1943,98166
1222000055,20141123T000000,180250,2,900,9600,1,0,6등급,900,0,1941,98166
4235400186,20141124T000000,331000,3,1080,1306,1,0,7등급,580,500,1954,98199
9407100800,20141124T000000,255000,3,1230,10170,1,0,7등급,1230,0,1979,98045
1775920350,20141124T000000,323000,3,1290,12231,1,0,7등급,1290,0,1976,98072
2525500260,20141124T000000,331000,3,1300,9079,1,0,7등급,1300,0,1986,98059
3224800075,20141124T000000,234000,3,1420,8738,1,0,7등급,1420,0,1966,98002
7214700350,20141124T000000,521000,4,2020,36400,1,0,8등급,1550,470,1976,98077
6126500060,20141124T000000,329950,3,2080,5969,1,0,7등급,1080,1000,1971,98108
8818900060,20141125T000000,664000,4,1530,4080,1.5,0,7등급,1530,0,1912,98105
6204400270,20141125T000000,390000,3,1910,11576,1,0,7등급,1410,500,1978,98011
1796380960,20141126T000000,223000,3,1670,6824,1,0,7등급,1300,370,1990,98042
2122039094,20141126T000000,705000,3,1970,20978,2,1,9등급,1770,200,1980,98070
3996900125,20141201T000000,230000,3,1060,10228,1,0,7등급,1060,0,,98155
2426039314,20141201T000000,280000,2,1190,1265,3,0,7등급,1190,0,2005,98133
3303700376,20141201T000000,5336000,,1400,1581,1.5,0,8등급,1400,0,1909,98112
2419600075,20141201T000000,465000,3,1480,6360,1,0,7등급,1480,0,1954,98133
1917300260,20141202T000000,210000,4,1520,6174,1.5,0,6등급,1520,0,1920,98022
8722101360,20141202T000000,780000,3,1660,4400,1.5,0,8등급,1460,200,1911,98112
1774000200,20141202T000000,400000,3,1920,9102,1,0,7등급,1920,0,1968,98072
5104520400,20141202T000000,390000,3,2350,5100,2,0,8등급,2350,0,2003,98038
686500030,20141202T000000,650000,,3610,10003,1.5,0,8등급,3610,0,1966,98008
625049299,20141203T000000,482000,2,950,3960,1,0,7등급,950,0,1941,98103
3363900111,20141203T000000,437500,2,990,3120,1,0,7등급,790,200,1907,98103
7955080270,20141203T000000,322500,4,2060,6659,1,0,7등급,1280,780,1981,98058
8113101670,20141203T000000,378000,4,2140,7920,1,0,7등급,1190,950,1959,98118
2465400036,20141203T000000,990000,4,2780,10480,1,0,7등급,1390,1390,1967,98033
1526069017,20141203T000000,921500,4,3670,315374,2,0,9등급,3670,0,1994,98077
6838700060,20141204T000000,280000,3,1430,7222,2,0,7등급,1430,0,1993,98056
5694500105,20141204T000000,595000,2,1510,4000,1,0,7등급,1010,500,1900,98103
4048400070,20141205T000000,320000,2,1070,32633,1,0,6등급,1070,0,1930,98059
16000397,20141205T000000,189000,2,1200,9850,1,0,7등급,1200,0,1921,98002
1115810060,20141205T000000,585188,3,2230,10026,1,0,8등급,1430,800,1975,98052
9528102996,20141207T000000,549000,3,1540,1044,3,0,8등급,1540,0,2014,98115
3584000310,20141208T000000,225000,3,1430,8505,1,0,7등급,1430,0,1968,98003
2558660270,20141208T000000,370000,3,1580,7000,1,0,7등급,1180,400,1976,98034
3126049411,20141209T000000,340000,2,1100,1760,3,0,7등급,1100,0,1997,98103
8669160310,20141209T000000,266000,3,1805,3402,2,0,7등급,1805,0,2009,98002
2487200875,20141209T000000,604000,4,1960,5000,1,0,7등급,1050,910,1965,98136
108000127,20141209T000000,456500,4,2000,2309,3,0,8등급,2000,0,2008,98177
4166600473,20141209T000000,359500,4,2390,11250,2,0,9등급,2390,0,1988,98023
6414100192,20141209T000000,538000,3,2570,7242,2,0,7등급,2170,400,1951,98125
4139480200,20141209T000000,1400000,4,4290,12103,1,0,11등급,2690,1600,,98006
7972600860,20141210T000000,345000,4,1550,7620,1.5,0,7등급,1550,0,1957,98106
8856950070,20141210T000000,329500,4,1820,7912,2,0,7등급,1820,0,1994,98038
739980260,20141210T000000,324000,3,1920,5322,2,0,8등급,1920,0,1999,98031
1516000055,20141210T000000,650000,3,2150,21235,1,0,8등급,1590,560,1959,98166
1563102435,20141210T000000,950000,3,2150,4200,1,0,8등급,1140,1010,1960,98116
8945200860,20141211T000000,180000,3,1384,8960,1,0,6등급,1384,0,1965,98023
9510900270,20141211T000000,254000,3,2070,9000,1,0,7등급,1450,620,1969,98023
1526069135,20141211T000000,930000,4,6050,84942,2.5,0,9등급,4150,1900,2009,98077
3204800370,20141212T000000,426700,3,2080,7700,1,0,7등급,1600,480,1968,98056
7214720075,20141212T000000,699950,3,2190,107593,2,0,8등급,2190,0,1983,98077
1588600045,20141215T000000,459000,2,1170,4887,1,0,6등급,1020,150,1929,98117
2843200070,20141215T000000,282000,4,1660,10725,1,0,7등급,960,700,1956,98168
5307100060,20141216T000000,638700,3,2080,9162,1,0,7등급,1370,710,1960,98005
3325069129,20141216T000000,525000,3,2100,40510,2,0,10등급,1320,780,1979,98074
8691370400,20141216T000000,699900,4,2810,7302,2,0,9등급,2810,0,2002,98075
222069082,20141217T000000,300000,2,1220,75794,1,0,7등급,1220,0,1963,98038
2972300060,20141217T000000,405300,3,2390,7939,1,0,7등급,1610,780,1983,98056
6431500140,20141217T000000,880000,3,2870,5163,2,0,9등급,2870,0,2014,98103
4045500710,20141218T000000,405000,2,1160,15029,1,0,6등급,870,290,1937,98014
9536602080,20141219T000000,229000,3,1020,8100,1,0,7등급,1020,0,1954,98198
7011200260,20141219T000000,485000,4,1400,3600,1,0,7등급,1100,300,1900,98119
6388900710,20141219T000000,538000,3,2250,11632,2,0,8등급,2250,0,1988,98056
4057300200,20141222T000000,310000,3,1150,3323,2,0,7등급,1150,0,1988,98029
3832200070,20141222T000000,250000,4,1710,7140,1,0,7등급,1010,700,1968,98032
7437100340,20141222T000000,360000,4,1900,5889,2,0,7등급,1900,0,1992,98038
6021501535,20141223T000000,700000,3,1580,5000,1,0,8등급,1290,290,1939,98117
7683900200,20141223T000000,380000,5,3450,9914,2,0,9등급,3450,0,2004,98023
8724300030,20141223T000000,355000,3,,5028,2,0,8등급,1860,0,2012,98019
1421069208,20141223T000000,379000,3,,17852,2.5,0,8등급,2660,0,2014,98010
3330500875,20141226T000000,381156,2,1320,3090,1,0,7등급,1320,0,1908,98118
3969300030,20141229T000000,239900,4,1000,7134,1,0,6등급,1000,0,1943,98178
7527200030,20141229T000000,700000,5,2830,25958,1,0,8등급,1610,1220,1979,98075
2768000400,20141230T000000,640000,4,2360,6000,2,0,8등급,2360,0,1904,98107
561000075,20141231T000000,260000,3,1180,5350,1.5,0,6등급,1180,0,1959,98178
3775300030,20141231T000000,333500,3,1220,9732,1,0,7등급,1220,0,1965,98011
7518505990,20141231T000000,600000,3,1410,4080,1,0,7등급,1000,410,1950,98117
2473360060,20150102T000000,263500,3,1330,9917,1,0,7등급,1040,290,1981,98058
9542800700,20150102T000000,272000,3,2160,7140,1,0,7등급,1670,490,1978,98023
7278700070,20150102T000000,660000,3,2400,6474,1,0,8등급,1560,840,1964,98177
8820903380,20150102T000000,730000,6,2660,13579,2,0,7등급,2660,0,1937,98125
259900160,20150102T000000,748000,4,2770,3330,2,0,8등급,1970,800,2001,98052
3668000070,20150105T000000,212000,3,1060,7875,1,0,7등급,1060,0,1986,98092
2697100140,20150105T000000,423000,4,2200,9351,1,0,7등급,1290,910,1962,98133
2346200030,20150105T000000,802541,5,2990,6768,2,0,9등급,2990,0,2014,98006
1049000060,20150105T000000,325000,3,,5612,1,0,7등급,1260,0,1972,98034
4123840310,20150106T000000,342500,3,1810,5192,2,0,8등급,1810,0,1993,98038
9158100075,20150107T000000,330000,2,1350,8220,1,0,7등급,1060,290,1949,98177
1723049270,20150107T000000,340500,3,2270,28025,1,0,7등급,1920,350,1947,98168
1442860160,20150107T000000,380000,3,2280,10255,2,0,8등급,2280,0,1985,98058
208500160,20150107T000000,760000,4,2430,6099,1,0,8등급,1470,960,1965,98115
1402950550,20150107T000000,332000,4,2470,7780,2,0,8등급,2470,0,2002,98092
8854100350,20150107T000000,625000,5,2990,15085,2,0,9등급,2990,0,2007,98011
3454800060,20150108T000000,171800,4,1570,9600,1,0,6등급,1570,0,1950,98168
1529200340,20150108T000000,496500,3,2260,3640,2,0,8등급,2260,0,1994,98072
1455600030,20150108T000000,645000,4,2780,11583,1,0,8등급,1190,1590,1955,98125
3204800200,20150108T000000,665000,4,3320,10574,2,0,8등급,2220,1100,1960,98056
6116500341,20150112T000000,419000,4,2150,23568,1,0,7등급,2150,0,1950,98166
9407110700,20150113T000000,175000,3,1250,9775,1,0,7등급,1250,0,1971,98045
2824079053,20150113T000000,440000,3,1910,66211,2,0,7등급,1910,0,1997,98024
731500200,20150113T000000,347500,4,2156,3562,2,0,9등급,2156,0,2012,98030
2826049234,20150114T000000,425000,3,1820,8814,1,0,7등급,1280,540,1967,98125
1443300140,20150114T000000,330000,3,2300,35287,2,0,8등급,2300,0,1977,98022
4014400292,20150114T000000,465000,3,2714,17936,2,0,9등급,2714,0,2005,98001
257000138,20150115T000000,280000,2,850,16400,1,0,6등급,850,0,1923,98168
2008000270,20150115T000000,291850,3,1060,9711,1,0,7등급,1060,0,1963,98198
722059070,20150115T000000,235000,3,1430,15246,1,0,7등급,980,450,,98031
7940700260,20150115T000000,422120,3,1630,4534,2,0,8등급,1630,0,1987,98034
4330600350,20150115T000000,315000,3,2200,8750,1,0,7등급,1120,1080,1964,98166
1762600070,20150116T000000,917500,4,3880,35003,2,0,10등급,2570,1310,1984,98033
1324079046,20150120T000000,350000,3,1580,47916,1,0,7등급,1580,0,1979,98024
4046500320,20150120T000000,342000,3,1660,16275,2,0,7등급,1660,0,1990,98014
5379805460,20150121T000000,245000,3,1360,8910,2,0,7등급,1360,0,1949,98188
1062100116,20150121T000000,475000,3,1640,5097,2,0,7등급,1640,0,1969,98155
5693500270,20150121T000000,715000,4,2000,4800,2,0,7등급,2000,0,1911,98103
8563040160,20150121T000000,560000,4,2550,7800,1,0,8등급,1580,970,1968,98052
9273200140,20150121T000000,1310000,2,3950,3938,2,0,10등급,2910,1040,1991,98116
421049116,20150121T000000,216000,3,,8712,1,0,7등급,1280,0,1956,98003
259600260,20150122T000000,345000,3,1250,7210,1,0,7등급,1250,0,1964,98008
7340500270,20150123T000000,560000,4,2940,6000,2,0,8등급,2940,0,2000,98011
98020350,20150123T000000,720000,4,3200,7708,2,0,10등급,3200,0,2004,98075
9297300055,20150124T000000,650000,4,2950,5000,2,0,9등급,1980,970,1979,98126
616000140,20150126T000000,315000,3,1900,14400,1,0,7등급,1300,600,1954,98166
2767602356,20150126T000000,675000,4,2140,2278,3,0,9등급,2140,0,2005,98107
3348401740,20150127T000000,188000,2,1120,17487,1,0,6등급,1120,0,1924,98178
7942100310,20150127T000000,232000,3,1300,11230,1,0,7등급,1300,0,1968,98042
1868901275,20150127T000000,455000,2,1430,5000,1.5,0,7등급,1430,0,1925,98115
9189700045,20150127T000000,450000,3,2290,16258,1,0,8등급,2290,0,1960,98058
1088650310,20150127T000000,530000,,2320,5493,2,0,8등급,2320,0,2004,98028
1796360350,20150128T000000,255000,3,1240,8659,1,0,7등급,1240,0,1986,98042
1523059105,20150128T000000,356000,3,1680,8712,1,0,8등급,1680,0,1964,98059
4432600075,20150128T000000,725000,,2110,4140,2,0,9등급,1710,400,1925,98116
723099065,20150130T000000,465000,3,1840,40438,2,0,7등급,1840,0,1994,98045
9238901420,20150202T000000,442000,3,1190,5100,1,0,7등급,1030,160,1941,98136
7972000240,20150202T000000,240000,20,1510,10248,1,0,7등급,1510,0,1969,98023
1455100116,20150202T000000,397500,3,1510,13737,1,0,6등급,810,700,1961,98125
9542300320,20150202T000000,856600,4,2400,13430,1,0,9등급,2400,0,1964,98005
3211230260,20150204T000000,399950,4,2420,31465,1,0,9등급,2420,0,1984,98092
7465900060,20150205T000000,425000,3,1010,5864,1,0,7등급,1010,0,1915,98116
8594400370,20150205T000000,299900,3,1560,35026,1,0,7등급,1290,270,1985,98092
2475200140,20150205T000000,370000,3,1680,5036,1,0,7등급,1680,0,1987,98055
3626039271,20150205T000000,585000,2,1980,8550,1,0,7등급,990,990,1981,98117
7714000070,20150205T000000,378000,4,2790,4650,2,0,8등급,2790,0,2004,98038
9498200046,20150206T000000,443500,2,940,6804,1,0,7등급,940,0,1949,98177
2205500575,20150209T000000,390000,3,1200,10800,1,0,7등급,1200,0,1955,98006
6647200060,20150209T000000,405000,3,1670,6720,1,0,7등급,1140,530,1980,98034
4167300030,20150209T000000,260000,4,1810,7480,1,0,7등급,1230,580,1977,98023
3416600800,20150209T000000,834000,4,2370,4000,1.5,0,8등급,1980,390,1928,98144
7234600798,20150210T000000,425000,,1120,1100,2,0,8등급,820,300,2008,98122
8906200070,20150210T000000,280000,3,1670,11610,1,0,7등급,1670,0,1963,98055
2061100570,20150210T000000,595000,3,1910,5753,1,0,8등급,1110,800,1941,98115
5423010350,20150210T000000,1280000,5,,9500,2,0,8등급,3400,0,1977,98027
5127001620,20150211T000000,315000,3,1580,11455,1,0,7등급,1200,380,1974,98059
7504110030,20150211T000000,785000,4,3300,10514,2,0,10등급,3300,0,1984,98074
2349300060,20150212T000000,200000,4,1920,4822,1,0,6등급,920,1000,1914,98136
1678400105,20150212T000000,339000,4,2390,7480,1.5,0,7등급,2390,0,1920,98178
8029510030,20150212T000000,363000,3,2740,11872,2,0,9등급,2740,0,1990,98023
7895500070,20150213T000000,240000,4,1220,8075,1,0,7등급,890,330,1969,98001
8802400416,20150213T000000,147500,3,1530,8498,1,0,7등급,1530,0,1959,98031
1123049053,20150213T000000,360000,4,1840,9611,2,0,7등급,1840,0,1996,98178
8651611170,20150213T000000,868700,3,3840,6161,2,0,10등급,3840,0,2000,98074
5016001535,20150217T000000,725000,3,1920,3300,1,0,8등급,960,960,1913,98112
7231300125,20150217T000000,345000,5,3150,9134,1,0,8등급,1640,1510,1966,98056
1521069070,20150218T000000,204000,3,1040,7405,1,0,6등급,1040,0,1971,98010
2460700260,20150218T000000,300000,3,1480,6698,1,0,7등급,1080,400,1979,98058
2459500310,20150218T000000,358000,3,1610,6655,2,0,7등급,1610,0,1985,98058
1954400510,20150218T000000,510000,3,1680,8080,1,0,8등급,1680,0,1987,98074
726049190,20150218T000000,431000,3,1810,7200,1,0,7등급,1130,680,1954,98133
622049114,20150218T000000,2130000,3,5403,24069,2,1,12등급,5403,0,1976,98166
2009000370,20150219T000000,269950,2,1340,7250,1,,5등급,700,640,1949,98198
46100204,20150221T000000,1510000,5,3300,33474,1,0,9등급,1870,1430,1957,98040
2525300030,20150222T000000,232000,3,1400,10403,1,0,6등급,1400,0,1976,98038
8079040320,20150223T000000,430000,4,1850,9976,2,0,8등급,1850,0,1991,98059
579003610,20150224T000000,517500,3,1430,5200,1,0,7등급,1250,180,1940,98117
3904901710,20150224T000000,435500,3,1450,4789,2,0,7등급,1450,0,1985,98029
1775800800,20150224T000000,396000,3,1500,12616,1,0,7등급,1500,0,1967,98072
1151100070,20150224T000000,437000,3,1750,22357,2,0,8등급,1750,0,1994,98045
3626039299,20150224T000000,588000,3,1910,8167,1,0,8등급,1270,640,1951,98117
6619910140,20150224T000000,630000,4,2950,9025,1,0,8등급,1780,1170,1975,98034
6838800140,20150224T000000,1100000,4,4270,40097,1,0,12등급,4270,0,1993,98077
4403600270,20150224T000000,970000,4,4740,76230,2,0,10등급,4740,0,1987,98075
5631500400,20150225T000000,180000,2,770,10000,1,0,6등급,770,0,1933,98028
7230200340,20150225T000000,305000,3,1250,23680,1,0,7등급,1250,0,1967,98059
3904910320,20150225T000000,484950,3,1670,5004,2,0,8등급,1670,0,1987,98029
461001615,20150225T000000,605000,2,1760,5000,1,0,7등급,940,820,1927,98117
9808650060,20150225T000000,1300000,3,2350,15021,1,0,8등급,1770,580,1976,98004
7899800890,20150226T000000,181000,2,720,5120,1,0,6등급,720,0,1954,98106
4168000060,20150226T000000,153000,3,1200,10500,1,0,7등급,1200,0,1962,98023
6874200960,20150227T000000,170000,2,860,5265,1,0,6등급,860,0,1931,98178
6071600370,20150227T000000,500000,4,2030,8517,1,0,8등급,1380,650,1961,98006
8856940060,20150227T000000,374950,4,2730,4683,2,0,7등급,2730,0,2005,98038
7171200445,20150228T000000,550700,2,1010,5000,1.5,0,6등급,1010,0,1908,98105
1873100390,20150302T000000,719000,4,2570,7173,2,0,8등급,2570,0,2005,98052
4389200955,20150302T000000,1450000,4,2750,17789,1.5,0,8등급,1980,770,1914,98004
3211100860,20150303T000000,274250,3,910,8450,1,0,6등급,910,0,1962,98059
4315700060,20150303T000000,378000,2,1300,3850,1,0,7등급,800,500,1963,98136
7202340400,20150303T000000,516500,3,1480,4729,2,0,7등급,1480,0,2004,98053
1937300270,20150303T000000,910000,3,2480,3200,2,0,10등급,2480,0,2010,98144
4217401195,20150303T000000,920000,5,2730,6000,1.5,0,8등급,2130,600,1927,98105
1623049062,20150304T000000,210000,2,750,34133,1,0,6등급,750,0,1950,98168
8024200350,20150304T000000,410000,2,800,4342,1,0,6등급,670,130,1927,98115
3362400511,20150304T000000,570000,3,1260,3328,1,0,6등급,700,560,1905,98103
2988000070,20150304T000000,405000,5,1550,10500,1,0,7등급,1100,450,1961,98011
7197350070,20150304T000000,512000,3,1610,12555,1,0,7등급,1080,530,1977,98052
8731901940,20150304T000000,218000,5,1930,8040,1,0,8등급,1930,0,1966,98023
3226049270,20150304T000000,585000,4,2160,8158,1,0,8등급,1660,500,1952,98115
8079030390,20150304T000000,446500,3,2650,7286,2,0,8등급,2650,0,1990,98059
7215720160,20150304T000000,900000,3,3400,16603,2,0,10등급,3400,0,2000,98075
8663280160,20150305T000000,545000,5,2520,7863,1,0,7등급,1500,1020,1981,98034
1843100340,20150305T000000,348000,3,2570,8491,2,0,8등급,2570,0,1989,98042
5126310400,20150305T000000,480000,4,2600,7787,2,0,8등급,2600,0,2005,98059
6665800060,20150305T000000,795000,3,2920,13650,1,0,8등급,1460,1460,1975,98033
1853000400,20150305T000000,680000,4,3140,28037,2,0,10등급,3140,0,1991,98077
9126100861,20150306T000000,557000,3,1710,2096,2,0,8등급,1290,420,2008,98122
7708300140,20150306T000000,369950,3,2430,10720,1,0,7등급,2430,0,1977,98045
8682281200,20150309T000000,479950,2,1510,6516,1,0,8등급,1510,0,2005,98053
3756500060,20150309T000000,438000,3,1780,9660,1,0,7등급,1780,0,1962,98034
7375300160,20150309T000000,530000,5,2720,8800,1,0,7등급,1500,1220,1958,98008
7853340860,20150310T000000,420000,2,1760,4139,2,0,8등급,1760,0,2010,98065
9485740340,20150310T000000,346900,4,1970,5106,2,0,8등급,1970,0,1999,98055
1109000390,20150310T000000,420000,3,2390,4600,2,0,8등급,1750,640,1920,98118
2296500036,20150310T000000,450000,4,2980,13260,1,0,8등급,1800,1180,1979,98056
3542300060,20150311T000000,210000,3,860,11725,1,0,6등급,860,0,1943,98056
4402700070,20150311T000000,300000,2,1100,7680,1,0,7등급,1100,0,1950,98133
7520000520,20150311T000000,240500,2,1240,12092,1,0,6등급,960,280,,98146
8899200570,20150311T000000,280000,3,1900,7800,1,0,8등급,1390,510,1977,98055
2768301715,20150311T000000,565000,4,2020,4300,1.5,0,6등급,2020,0,1900,98107
3275780030,20150311T000000,730000,4,2190,9009,2,0,8등급,1840,350,1977,98033
7853290030,20150311T000000,507000,4,2730,7649,2,0,7등급,2730,0,2006,98065
822039084,20150311T000000,1350000,3,2753,65005,1,1,9등급,2165,588,1953,98070
5036300431,20150311T000000,1100000,5,3520,6353,2,0,10등급,3520,0,2001,98199
1175000570,20150312T000000,530000,,1810,4850,1.5,0,7등급,1810,0,1900,98107
3793500160,20150312T000000,323000,3,1890,6560,2,0,7등급,1890,0,2003,98038
11500890,20150312T000000,843000,3,3130,8750,2,0,10등급,3130,0,1991,98052
2310000240,20150313T000000,275000,3,1420,8549,2,0,7등급,1420,0,1989,98038
808300310,20150313T000000,389000,4,2130,5337,2,0,7등급,2130,0,2001,98019
3021059276,20150314T000000,250000,4,2010,7312,1,0,7등급,2010,0,1976,98002
6909200575,20150314T000000,685000,3,2060,2900,1.5,0,8등급,1330,730,1931,98144
4330600435,20150316T000000,284000,3,1560,21000,1,0,7등급,1560,0,1954,98166
3444100400,20150316T000000,349000,3,1790,50529,1,0,7등급,1090,700,1965,98042
6067910030,20150316T000000,664000,,2510,11880,1,,8등급,1630,880,1978,98006
4167300310,20150317T000000,324500,3,1920,11340,1,0,7등급,1230,690,1977,98023
4325000125,20150318T000000,255000,3,1340,8450,1,0,7등급,1340,0,1958,98188
6700400140,20150318T000000,268000,3,1550,8134,2,0,7등급,1550,0,1991,98031
7899800860,20150319T000000,259950,2,1070,649,2,0,9등급,720,350,2008,98106
1049010390,20150319T000000,505000,3,1260,5460,1,0,7등급,1260,0,1972,98034
7300200550,20150319T000000,659000,4,2610,24931,2,0,8등급,2610,0,1983,98075
2490200320,20150320T000000,545000,3,1680,6200,1.5,0,7등급,1680,0,1916,98136
7228500560,20150320T000000,410000,4,1970,4740,1.5,0,7등급,1670,300,1904,98122
4215100060,20150320T000000,365000,3,2653,4510,2,0,8등급,2653,0,2006,98031
4140090320,20150320T000000,595000,5,3740,6750,1,0,8등급,1980,1760,1978,98028
510002065,20150323T000000,700000,4,1980,4560,1.5,0,7등급,1980,0,1920,98103
1531000030,20150323T000000,720000,4,3450,39683,2,0,10등급,3450,0,2002,98010
100600860,20150324T000000,237500,3,1050,7854,1,0,7등급,1050,0,1975,98023
192460310,20150324T000000,269900,3,1140,22267,1,0,7등급,1140,0,1986,98045
826079094,20150324T000000,330000,3,1400,218252,1,0,7등급,1400,0,1997,98019
9262800171,20150324T000000,252000,4,1550,19800,1,0,7등급,1050,500,1969,98001
2781280390,20150324T000000,290000,3,1610,2937,2,0,8등급,1610,0,2006,98055
2231500030,20150324T000000,530000,4,2180,10754,1,0,7등급,1100,1080,1954,98133
8146100270,20150324T000000,824000,4,2490,9864,1,0,8등급,1290,1200,1961,98004
1836980160,20150324T000000,807100,4,2680,4499,2,,9등급,2680,0,1999,98006
8945200830,20150325T000000,210490,3,990,8528,1,0,6등급,990,0,1966,98023
1432400335,20150325T000000,288000,3,1190,7560,1,0,6등급,1190,0,1958,98058
9455200445,20150325T000000,601000,3,1330,6743,1,0,8등급,1330,0,1958,98125
6189200125,20150325T000000,849950,3,2990,9773,2,0,8등급,2990,0,1973,98005
4045100075,20150325T000000,2400000,4,4890,15188,2,0,11등급,3090,1800,1999,98040
9406520830,20150326T000000,314950,,1654,8479,2,0,7등급,1654,0,1995,98038
726049331,20150326T000000,515000,5,2530,5105,1,0,8등급,1520,1010,2005,98133
6116500075,20150326T000000,673000,20,2990,10400,2,0,9등급,2990,0,2002,98166
3205200640,20150330T000000,427200,3,1030,8400,1,0,7등급,1030,0,1963,98056
3422049190,20150330T000000,247500,3,1960,15681,1,0,7등급,1960,0,1967,98032
537000445,20150331T000000,282950,3,1250,8200,1,0,7등급,1250,0,1954,98003
4441300240,20150331T000000,1200000,3,3660,22410,1,0,9등급,1830,1830,1947,98117
1422300030,20150401T000000,415000,3,1510,36224,2,0,8등급,1510,0,1991,98045
5104530560,20150401T000000,208633,3,2040,3810,2,0,8등급,2040,0,2006,98038
7855801670,20150401T000000,2250000,4,,19850,2,0,12등급,3540,1640,2006,98006
1328310370,20150402T000000,375000,3,2340,10005,1,0,8등급,1460,880,1978,98058
1545808560,20150403T000000,245000,3,1530,8500,1,0,7등급,1030,500,1996,98038
7280300196,20150403T000000,550000,,1800,7750,1,0,8등급,1400,400,1965,98177
2324039036,20150403T000000,597500,3,2150,5400,1.5,0,7등급,1380,770,1911,98126
1736800520,20150403T000000,662500,3,3560,9796,1,0,8등급,1860,1700,1965,98007
66000070,20150406T000000,315000,2,630,6550,1,0,5등급,630,0,1918,98126
3626039187,20150406T000000,395000,2,770,6000,1,0,6등급,770,0,1953,98117
8925100390,20150406T000000,1040000,3,1900,9375,1,0,8등급,1330,570,1941,98115
7853210060,20150406T000000,430000,4,2070,4310,2,0,7등급,2070,0,2004,98065
2586800270,20150407T000000,425000,4,1260,7645,1.5,0,6등급,1260,0,1925,98146
9349900105,20150407T000000,795000,2,1380,5000,1.5,0,5등급,1380,0,1905,98106
2799800710,20150407T000000,301000,3,2420,4750,2,0,8등급,2420,0,2003,98042
9550201550,20150408T000000,640000,2,1070,5000,1,0,7등급,1070,0,1924,98103
6151800624,20150408T000000,288349,3,1250,18616,1,0,6등급,1250,0,1972,98010
7771300125,20150408T000000,487000,3,2590,14052,1,0,8등급,1720,870,1948,98133
240000058,20150408T000000,469000,4,3550,13938,1,0,8등급,2100,1450,1966,98188
2925059135,20150408T000000,1320000,3,,12968,2,0,9등급,2230,0,1990,98004
1324300398,20150409T000000,560000,3,1110,5000,1.5,0,7등급,1110,0,1947,98107
3432500200,20150409T000000,329999,3,1150,6908,1,0,6등급,800,350,,98155
1545804340,20150409T000000,240000,3,1760,6500,1,0,7등급,1150,610,1987,98038
2557000400,20150409T000000,272500,3,2070,9900,1,0,8등급,1420,650,1979,98023
4058000060,20150409T000000,416000,3,2220,94300,1,0,7등급,1640,580,1976,98010
6379500640,20150409T000000,1120000,3,3000,5750,2,0,9등급,2000,1000,1924,98116
5466410030,20150410T000000,249000,3,1360,6082,1,0,7등급,1360,0,1994,98042
5634500392,20150410T000000,330000,3,2420,13959,1,0,8등급,1740,680,,98028
2625069070,20150410T000000,1390000,4,4860,181319,2.5,0,9등급,4860,0,1993,98074
7715800570,20150413T000000,385000,3,1010,7380,1,0,7등급,1010,0,1982,98074
8096000060,20150413T000000,655000,2,1450,15798,2,1,7등급,1230,220,1915,98166
2695600505,20150413T000000,399000,4,1500,6388,1.5,0,7등급,1500,0,1951,98126
9477200560,20150413T000000,440000,,1530,7245,1,0,7등급,1530,0,1984,98034
8648220270,20150414T000000,291500,3,1260,9600,1,0,7등급,1260,0,1988,98042
4233400400,20150414T000000,267000,3,1300,9644,1,0,7등급,1300,0,1994,98010
3904980030,20150414T000000,500000,3,1690,4964,2,0,8등급,1690,0,1989,98029
8123100045,20150414T000000,470000,4,,5125,1.5,0,7등급,1680,700,1925,98126
1442800370,20150415T000000,189950,2,1030,4188,1,0,8등급,1030,0,1981,98038
6140100875,20150415T000000,420000,3,1060,8097,1,0,7등급,940,120,1923,98133
2688100071,20150415T000000,500000,2,1280,5400,1,0,7등급,1280,0,1964,98117
8731951370,20150415T000000,269000,4,1490,10000,1,0,8등급,1100,390,1969,98023
2414600126,20150415T000000,229500,3,1780,7470,1,0,7등급,1050,730,1960,98146
8078570390,20150415T000000,260000,3,1920,7415,2,0,7등급,1920,0,1989,98031
2946001550,20150416T000000,279000,6,2240,11180,2,0,7등급,2240,0,1955,98198
7374200030,20150416T000000,387000,4,2500,7690,1,,7등급,1250,1250,1973,98155
8078520310,20150417T000000,278500,3,1570,5250,1,0,7등급,1570,0,1998,98092
5631500868,20150417T000000,590000,4,3100,15842,2,0,8등급,2400,700,1996,98028
2264500350,20150418T000000,615000,4,1330,2400,1.5,0,6등급,1330,0,1901,98103
2391600320,20150420T000000,480000,,1040,5060,1,0,7등급,1040,0,1941,98116
7694800270,20150420T000000,636000,3,2140,2770,2,0,8등급,1770,370,2007,98052
7132300695,20150421T000000,435000,3,1300,3348,1.5,0,,1300,0,1904,98144
1105000588,20150421T000000,349500,3,1400,3538,1,,7등급,800,600,1953,98118
1324059104,20150421T000000,691100,3,2360,16117,1,0,8등급,1710,650,1983,98006
8691300860,20150421T000000,851000,4,3130,13202,2,0,10등급,3130,0,1996,98075
6021501685,20150422T000000,352000,2,940,5000,1,0,7등급,940,0,1937,98117
822079033,20150422T000000,350000,3,1250,219978,1,,6등급,1250,0,1980,98038
2310030510,20150422T000000,320000,4,1550,7579,2,0,8등급,1550,0,1993,98038
3797001895,20150422T000000,481000,3,1560,3000,1,0,6등급,770,790,1918,98103
1250700060,20150422T000000,642450,3,1830,4160,1,0,7등급,1230,600,1919,98144
5196410260,20150422T000000,1000000,3,3180,10492,2,0,,3180,0,1991,98052
2944000240,20150422T000000,910000,4,3350,29242,2,,11등급,3350,0,1988,98052
3327020400,20150423T000000,289999,5,2180,8240,1,0,8등급,1220,960,1977,98092
424069250,20150423T000000,785000,4,,69415,1,0,8등급,1910,530,1989,98075
7983200060,20150424T000000,230000,3,1250,9774,1,0,7등급,1250,0,1969,98003
1714900060,20150424T000000,442000,5,2560,5445,1.5,0,7등급,1760,800,1927,98108
3126069068,20150424T000000,485000,4,2560,43995,2,0,7등급,2560,0,1962,98052
1777500160,20150425T000000,718000,5,3070,9804,1,0,9등급,1740,1330,1968,98006
6131600075,20150427T000000,225000,3,1300,8316,1,0,6등급,1300,0,1954,98002
1565950030,20150427T000000,364950,4,1930,6957,2,0,8등급,1930,0,1995,98055
4376700570,20150427T000000,750000,,2750,9563,2,0,8등급,2750,0,1973,98052
3955900830,20150427T000000,467000,3,3460,6590,2,0,7등급,3460,0,,98056
1400300055,20150428T000000,425000,2,770,5040,1,0,5등급,770,0,1930,98144
1665400045,20150428T000000,186375,3,1000,7636,1,0,7등급,1000,0,1952,98166
9215400105,20150428T000000,450000,3,1250,5963,1,0,7등급,1250,0,1953,98115
9545240070,20150428T000000,660500,4,2010,9603,1,0,8등급,1440,570,1986,98027
8732131090,20150428T000000,295000,4,2160,7725,1,0,8등급,1460,700,1978,98023
1545807610,20150429T000000,270500,3,1780,7848,1,0,7등급,1320,460,1978,98038
2883200160,20150429T000000,595000,4,2020,2849,2,0,7등급,2020,0,1960,98115
3649100320,20150430T000000,330000,2,1220,10000,1,0,7등급,1220,0,1950,98028
6378500125,20150501T000000,436000,2,1040,7538,1,0,7등급,1040,0,1939,98133
6204420070,20150501T000000,452000,4,1570,8268,1,0,7등급,1570,0,1979,98011
4268200055,20150501T000000,245000,3,1740,11547,1,0,7등급,1740,0,1954,98178
4055700030,20150502T000000,1450000,3,3970,24920,2,0,10등급,3260,710,1977,98034
1895000045,20150504T000000,195000,2,820,5100,1,0,6등급,820,0,1953,98118
7960900060,20150504T000000,2900000,4,5050,20100,1.5,0,11등급,4750,300,1982,98004
1843200240,20150505T000000,200000,2,1360,1898,2,0,7등급,1360,0,1978,98092
5559600140,20150505T000000,253000,,1490,7651,1,0,7등급,1490,0,1988,98003
2022069200,20150505T000000,455000,4,2210,49375,1,0,8등급,2210,0,1997,98038
9412900055,20150505T000000,405000,3,2390,6000,1,0,6등급,1240,1150,1908,98118
8121200810,20150505T000000,585000,4,2430,7559,1,0,8등급,1580,850,1981,98052
2009001600,20150506T000000,265000,,1070,9000,1,0,7등급,1070,0,1950,98198
3812400070,20150506T000000,435000,5,1410,6750,1.5,,6등급,1410,0,1929,98118
6600700030,20150506T000000,525000,3,1490,9414,2,0,7등급,1490,0,1981,98052
925059288,20150507T000000,750000,3,2400,7745,2,0,9등급,2400,0,2001,98033
2359300030,20150508T000000,565000,3,910,5212,1,,7등급,910,0,1951,98115
4025300135,20150508T000000,451000,3,1790,9813,2,0,7등급,1790,0,1949,98155
1432900240,20150508T000000,205000,3,,8579,1,0,7등급,1010,600,1962,98058
7852170140,20150510T000000,650000,4,,5438,2,0,9등급,3180,0,2003,98065
1695900060,20150511T000000,535000,4,1610,2982,1.5,0,7등급,1610,0,1925,98144
3422059208,20150511T000000,390000,3,1930,64904,1,,8등급,1930,0,1988,98042
9385200045,20150512T000000,729500,3,1660,1091,3,0,9등급,1530,130,2015,98116
4307350200,20150512T000000,347000,3,1680,4308,2,0,7등급,1680,0,2004,98056
3362400640,20150512T000000,825000,3,2010,3090,1.5,0,7등급,1510,500,1926,98103
305500140,20150512T000000,365000,3,2200,4052,2,0,8등급,2200,0,2005,98058
1922059135,20150513T000000,250000,2,1130,5500,1,,6등급,1130,0,1941,98030
8682262400,20150513T000000,419950,2,1350,4003,1,0,8등급,1350,0,2004,98053
7424700045,20150513T000000,2050000,5,3830,8480,2,0,9등급,2630,1200,1905,98122
8730000270,20150514T000000,359000,2,1370,1140,2,0,8등급,1080,290,2009,98133
